id,cate_id,cate_directory,question,similar_questions,create_time,update_time,creater,updator,answer
30011996095,30000205844,已购课程/课程咨询,如何领取课程资料,"要如何查看课程资料内容
有什么资料赠送么
这个课程有电子版的没
资料包在哪里可以找到？
有什么资料可以领取？
老师365的课程有资料包吗？
有没有资料发给我
是不是你们还有资料发给我
资料在哪里
课程拍下后，如何领取
资料在哪里领取
赠品在哪领取
电子资料学习笔记需要自己打印吗？
当时买课程，说送的那些东西在哪里领
23的电子资料是什么 pdf 还是课程 还是都有
说有赠送的课程，在哪能领取
视频看到了，电子资料在哪领
我刚拍了1号链接，来领取资料
资料怎样领取
电子资料如何领取
这个配套的电子资料我没领取 要怎么领取？
有没有资料领取
拍课了，怎么领取资料
怎么去领电子版资料
这个资料在哪领取
电子资料下载途径在哪？
如何操作领取课程资料
买好了，怎么领取课程资料
资料包是什么/怎么领取？
怎么领资料包
获取资料包",2024/3/8 18:49:46,2024/5/9 17:15:45,ceshi@1956773234663935.onaliyun.com,ceshi@1956773234663935.onaliyun.com,"<div id=""se-knowledge""><p>亲亲，可以根据图片指引，看到课程相关资料哦</p><p><img width=""1001"" height=""1782"" src=""https://beebot-knowledgecloud-aliyun-public-cn-shanghai.oss-cn-shanghai.aliyuncs.com/kc/1223107/kc-media/kc-faq-oss/1712487095414-如何领取资料.jpeg"" slate-data-type=""image""></p><link rel=""stylesheet"" href=""https://g.alicdn.com/isipfe/docs/rich.css?""></div>"
30012054921,30000209438,新知识暂存,修改手机号,"用原来的手机号登不了咯
帮我把这个订单4932520947328970655的手机号修改下
老师，这个是我的订单号码：5005397003213768594，请帮我改成这个13856748576
这个订单号5005397003213768594的手机号码换成这个13856748576
我买课程的手机号现在不用了咋办
如何更改手机号
我想改一下手机号码
可以在线修改手机号吗
修改手机号需要注意什么事项
可以电话修改手机号吗
怎样修改手机号码
你好，我忘记是哪个手机号登录了
电话号码报错了怎么修改
电话号码错了，能帮我改一下吗
帮我修改了一下号码
号码错了亲 能改过来吗
号码搞错了，能更换吗
下单手机号是收快递的 如何更改
我手机号填错了 能改吗
那就申请修改电话号码 怎么操作。
修改手机号的方法是什么
如何更改手机号码
修改手机号的步骤是什么
我想要修改一下手机号
收货哪个电话号码填错了，我想改怎么改
手机号码修改
怎么修改手机号
我之前的号码不用了，需要换一个手机登录看课程
之前手机号不用了，怎么换手机号学习
我那个下订单的手机号不是常用的 我想换一个
拍的时候搞错地址和收货人电话",2024/4/19 22:14:24,2024/5/9 14:58:22,ceshi@1956773234663935.onaliyun.com,ceshi@1956773234663935.onaliyun.com,"<div id=""se-knowledge""><p>亲亲，您可以根据下图指引修改手机号</p><p><img width=""1920"" height=""1080"" src=""https://beebot-knowledgecloud-aliyun-public-cn-shanghai.oss-cn-shanghai.aliyuncs.com/kc/1223107/kc-media/kc-faq-oss/1715237894420-修改手机号码.jpg"" slate-data-type=""image""></p><link rel=""stylesheet"" href=""https://g.alicdn.com/isipfe/docs/rich.css?""></div>"
30012028426,30000210640,多渠道知识维护/如何开票,抖音小程序-如何开票,,2024/4/7 21:56:16,2024/5/8 17:30:50,chensicong@1956773234663935.onaliyun.com,chensicong@1956773234663935.onaliyun.com,"<div id=""se-knowledge""><p>亲亲开发票流程如下~</p><p>1、抖音搜索""获课""进入小程序</p><p>2、点击右下角""我的""，再点击""发票服务""，找到需要开票订单并点击""申请开票""，根据页面提示填入发票信息即可~</p><p>3、开票项目是*广播影视服务*短视频服务</p><p>开票提醒</p><p>开票时间：每周三中午12点之前申请的发票，财务会在周五同意开除并发送到您的邮箱~期间还请耐心等待呢~</p><p>如有疑问可以咨询客服为您处理哟~</p><p style=""text-align:left;margin-bottom:0px;margin-top:0px;margin-left:0px""><img width=""657"" height=""1024"" src=""https://beebot-knowledgecloud-aliyun-public-cn-shanghai.oss-cn-shanghai.aliyuncs.com/kc/1223107/kc-media/kc-faq-oss/1715160643297-tuikuan.jpg"" slate-data-type=""image""></p><link rel=""stylesheet"" href=""https://g.alicdn.com/isipfe/docs/rich.css?""></div>"
30012028425,30000210640,多渠道知识维护/如何开票,抖店-如何开票,,2024/4/7 21:52:36,2024/5/8 17:30:24,chensicong@1956773234663935.onaliyun.com,chensicong@1956773234663935.onaliyun.com,"<div id=""se-knowledge""><p>亲亲开发票流程如下~</p><p>1、抖音搜索""获课""进入小程序</p><p>2、点击右下角""我的""，再点击""发票服务""，找到需要开票订单并点击""申请开票""，根据页面提示填入发票信息即可~</p><p>3、开票项目是*广播影视服务*短视频服务</p><p>开票提醒</p><p>开票时间：每周三中午12点之前申请的发票，财务会在周五同意开除并发送到您的邮箱~期间还请耐心等待呢~</p><p>如有疑问可以咨询客服为您处理哟~</p><p style=""text-align:left;margin-bottom:0px;margin-top:0px;margin-left:0px""><img width=""657"" height=""1024"" src=""https://beebot-knowledgecloud-aliyun-public-cn-shanghai.oss-cn-shanghai.aliyuncs.com/kc/1223107/kc-media/kc-faq-oss/1715160616170-tuikuan.jpg"" slate-data-type=""image""></p><link rel=""stylesheet"" href=""https://g.alicdn.com/isipfe/docs/rich.css?""></div>"
30012022004,30000205846,基本回复,转人工,"帮我转人工，请尽快处理
你们客服是真人吗，感觉像机器人
能转人工吗，总是机器人回复
你们人工客服都不理人的吗，我该找谁？
我想找一下人工客服，怎么没人理我？
人工客服电话多少，怎么联系？
我想咨询人工
人工客服怎么咨询
客服的电话有吗
我要转接客服
可以转接到人工吗
有真人客服吗
我要真人客服
坐席人工
人工客服
人工客服电话",2024/3/28 10:50:37,2024/5/8 17:23:32,ceshi@1956773234663935.onaliyun.com,ceshi@1956773234663935.onaliyun.com,"<div id=""se-knowledge""><p>亲亲，您有什么问题可以跟我说</p><link rel=""stylesheet"" href=""https://g.alicdn.com/isipfe/docs/rich.css?""></div>"
30012023408,30000210639,多渠道知识维护/如何看课,抖音小程序-12-看课指引,,2024/3/29 18:03:02,2024/5/6 20:00:54,lizhun@1956773234663935.onaliyun.com,chensicong@1956773234663935.onaliyun.com,"<div id=""se-knowledge""><div>亲亲，在抖音首页搜索抖音小程序获课一下进行观看哦<br>抖音小程序名称：获课一下</div><p><img width=""4096"" height=""3072"" src=""https://beebot-knowledgecloud-aliyun-public-cn-shanghai.oss-cn-shanghai.aliyuncs.com/kc/1223107/kc-media/kc-faq-oss/1712550513458-1.jpg"" slate-data-type=""image""></p><p>&nbsp;</p><link rel=""stylesheet"" href=""https://g.alicdn.com/isipfe/docs/rich.css?""></div>"
30012063227,30000205844,已购课程/课程咨询,我总出门没时间看,"后续能看的时间比较少
我这段时间看不完
我没有时间看",2024/4/25 10:41:51,2024/4/25 10:41:51,ceshi@1956773234663935.onaliyun.com,,"<div id=""se-knowledge""><p>亲亲 ，咱们课程有效期限是一年的呢，如果没看完也可以联系我们帮您延期的~</p><link rel=""stylesheet"" href=""https://g.alicdn.com/isipfe/docs/rich.css?""></div>"
30012023921,30000209438,新知识暂存,有书本吗,"购买之后是会给我发音频吗
买了课程是发音频给我吗
看视频不方便，有音频课程吗
购买的课程是书还是视频啊
我买了课程一直没有教材
是要领书吗
书是寄给我吗
有文字版吗
有书吗
是线上课吗
为什么评论区晒图有书本？
我没有收到教材怎么办？
为什么我购买的课程没有教材？",2024/3/31 19:03:52,2024/4/24 17:38:18,ceshi@1956773234663935.onaliyun.com,ceshi@1956773234663935.onaliyun.com,"<div id=""se-knowledge""><p>这个是线上的视频课程（标题、封面、详情页都有写的），下单后就可以直接在线观看，一年有效期，不支持下载，没有纯音频，也没有书籍、U盘、光碟等实物哦！</p><link rel=""stylesheet"" href=""https://g.alicdn.com/isipfe/docs/rich.css?""></div>"
30011996099,30000205844,已购课程/课程咨询,课程有效期,"买时没说有期限啊，停课了
买了可以学多久呢
可以反复听课吗，每次听收获都会不一样
多久就后才看不到，我给我家人买的
多久以后看不到了？
有没有时间期限
购买时没用说明有有效期
买的时候咋不说有期限
一年后还要付费 不可固定下载硬盘？
能保存经常听就好 温故知新
你好课程买了之后忘记了呢 很少买东西，现在过期了
我是不是超过有效期了
现在记性不好，得多看几遍
购买了之后我基本没看
我去年买的书籍  视频课的短信链接打不开了，怎么处理
请问买了课程以为是终身免费复训呢
之前有事情耽搁了，现在还能看吗？
请问这个课程可以无限学习吗？
2021年我下的单，一直忙没时间学，请问现在还能学习吗
为什么不能反复学习，你们也太坑了吧
可以反复学习一年吗，还是多久，心里没数
这个是不是可以循环学习啊，我比较笨
可以一直学习吗，后面还有收费的地方吗
为什么不能终身观看啊，才一年就没了，烦人！
为什么提示我明天就失效了，我一次都还没看呢
能否改成长期听
可以看多久，视频课程
课程无学习期限限制的吗
大概能看多长时间
时间太短，没顾上学习就没有了
很早就拍下课程，现在还可以学习吗？
请问一下这个课程购买后只管12个月吗？12个月后是不是就不能用了。
课程过期了，怎么办
我这个课程因为我给我弟弟买的，然后他忘记去弄了，但是现在去登录的时候，他说课程已经过期了，怎么搞？我还没去。
一共3个课程 都听不了了 麻烦您帮忙看下
你好，我之前买了这个课程，因为账号密码忘了，一直没登录，现在找回来了，课程为什么看不了了？
这个课程是2021年买的，现在听不了啊
你好，怎么回事，我又看不了呢
订单号：4999214728497931938 怎么学不了 我忙的一直没学
你好 我买的这个课程不是说永久性的？怎么现在不可以观看了？
课程时长几年？
这两位老师课程学习一遍完全不够
你好我看到了 ，这个课程是什么时候到期
我之前购买过课程，没有学，现在课程过期了怎么办？
买的时候也没说还有期限啊
这个课程时长多久？
课程可以看到多久呀？
那在这个获课里学习还有1年期限限制吗？
你好课程有时限不是永久的啊
你这个课程一次最长才半个小时？
课程时长几年
这个不是一直可以学的吗？还有时间限制
也过期了 还没有看完 平常也很忙 不晓得有保质期
我要多长时间就要看完
课程多久要看完
多长时间看完
课程的学习时间有没有规定
课程有没有规定学习时间段
为什么会课程过期
亲，怎么显示课程过期了
一直忙，好久没听，最近要学习才知道一年期限
我们去年已经购买了的
一年后还得再申请开通吗？
只能看一年 明年不能看了吗
这么快就过期了，还没学完呢
之前直播上说终身免费观看啊。
会过期吗？
课程要多长时间看完
一年后就不能看了对吗？
有没有时间限制
课程可以观看多久？我可以反复学习吗？
课程是永久的吗
课程有规定时间听的吗
不是可以永久回看的吗？
视频课程会过期吗？
为啥有短信提示我课程要过期？
课程怎么还会有时间限制吗？
课程的有效期为什么不是长久的？
课程为什么不是终身都可以学习啊？
课程为什么还有有效期？
课程有效期是多久？
为什么有有效期",2024/3/8 18:49:47,2024/4/24 14:58:25,ceshi@1956773234663935.onaliyun.com,ceshi@1956773234663935.onaliyun.com,"<div id=""se-knowledge""><p>亲亲，课程是有时效的，商品详情都有标明的哦</p><link rel=""stylesheet"" href=""https://g.alicdn.com/isipfe/docs/rich.css?""></div>"
30011996164,30000205850,售后/物流问题/发货问题,发货咨询,"什么时候发货呢？
我的订单需要多久才能发货
我的订单发货了吗？我需要尽快收到。我已经下单了，但是急需使用，可以加快处理我的订单吗？
请问付款后多久能收到课程
购买的东西三天都还没都，太慢了
真服了，你们快递这么慢。
付款了，多久能到啊
再不给我发课程，我就要举报你们了
这个货到哪了
还没收货
怎么还没收到货呢？老板
几门课 发什么快递
送邮政快递吗
那个快递怎么选
今天可以发货吗
课程何时发货
我下单了，但是还没有收到发货通知，请问什么时候可以发货？
我成功拍下了课程，什么时候可以发货？
我已经等待发货很久了，能帮我催一下吗？
我的订单发货了吗？我需要尽快收到。
我已经下单了，但是急需使用，可以加快处理我的订单吗？
多久能送到
发货时间
发货方式",2024/3/8 18:50:02,2024/4/23 18:28:40,ceshi@1956773234663935.onaliyun.com,ceshi@1956773234663935.onaliyun.com,"<div id=""se-knowledge""><p>亲爱的同学~发货情况分类为您整理好啦：【视频课】付款后会收到【博商获客】的短信，请根据指引登录学习；【学习资料】在视频课下方“资料”处查阅就可以呢~您放心，下单后会尽快帮您发货的，还请耐心等待呢～祝您学有所获哟~【书籍】书本下单后48小时内寄出，点击进去订单就可以查看到物流信息哟~</p><link rel=""stylesheet"" href=""https://g.alicdn.com/isipfe/docs/rich.css?""></div>"
30012061062,30000209438,新知识暂存,什么时候直播,"直播时间是什么时候
张老师的课什么时候直播",2024/4/23 16:18:30,2024/4/23 16:18:30,ceshi@1956773234663935.onaliyun.com,,"<div id=""se-knowledge""><p>亲亲，直播是不定时的，都会提前通知的呢；下单之后会有短信通知的哈</p><link rel=""stylesheet"" href=""https://g.alicdn.com/isipfe/docs/rich.css?""></div>"
30011996144,30000205838,售前/产品使用问题,课程试听,"领取一节试听课
我能试听一段时间吗，感觉好复杂
是免费的课程吗，打开要不要收费
课程能够试听嘛？
课程可以试听吗？
最起码先让听课程一下
能不能试听一下 我怕我听不懂
免费试听在哪里
可以试听其中的一节课吗？
我试听一下
怎么免费试听
有没有试听片段
有试听课吗？",2024/3/8 18:49:57,2024/4/23 16:13:21,ceshi@1956773234663935.onaliyun.com,ceshi@1956773234663935.onaliyun.com,"<div id=""se-knowledge""><p>亲亲，课程试听可以根据下图指引进行试听哦</p><p><img width=""420"" height=""848"" src=""https://beebot-knowledgecloud-aliyun-public-cn-shanghai.oss-cn-shanghai.aliyuncs.com/kc/1223107/kc-media/kc-faq-oss/1712487511783-课程试看.png"" slate-data-type=""image""></p><link rel=""stylesheet"" href=""https://g.alicdn.com/isipfe/docs/rich.css?""></div>"
30011996134,30000205840,售前/订单问题/订单物流咨询,有运费险吗？,"运费险怎么算？有的话我就不买了
对我有什么保障吗
我要怎么放心购买呢
买这个课程有什么保障吗
有运费险吗
有不有运费险呀
你们家有运费险吗
运险费是多少
购买课程有没有额外的保障措施，比如运费险？
赠送运费险吗？
有没有帮我购买运费险？
你们应该有运费险的吧？
有没有运费险？
如何查询商品是否有运费险？",2024/3/8 18:49:55,2024/4/11 15:06:01,ceshi@1956773234663935.onaliyun.com,ceshi@1956773234663935.onaliyun.com,"<div id=""se-knowledge""><p>亲亲抱歉哦，商品是没有运费险的呢，视频课程我们是支持下单7天之内，观看总时长不超过30分钟全部退款的哟</p><link rel=""stylesheet"" href=""https://g.alicdn.com/isipfe/docs/rich.css?""></div>"
30011996132,30000205838,售前/产品使用问题,视频课不发快递，为什么要填写地址,"买的视频课需要填写收货地址么
这个课程是视频啊，还需要收货地址吗？
线上听课为什么还要我的地址？
视频课程不需要地址的吧？
视频课不是在网上看吗，为什么要填写地址",2024/3/8 18:49:55,2024/4/11 14:54:38,ceshi@1956773234663935.onaliyun.com,ceshi@1956773234663935.onaliyun.com,"<div id=""se-knowledge""><p>亲亲这个是平台设置的问题哦，订单是绑定的收件地址的信息观看的哦</p><link rel=""stylesheet"" href=""https://g.alicdn.com/isipfe/docs/rich.css?""></div>"
30012022018,30000205838,售前/产品使用问题,那我去看看别家的,"课程太垃圾了，我对比一下别家的再说
你们家的课程不喜欢，我逛逛别家
我还是去其他家看看吧
我对比下其他商家的课程
你们的课程不行，我再考虑考虑",2024/3/28 11:12:04,2024/4/11 14:46:43,ceshi@1956773234663935.onaliyun.com,ceshi@1956773234663935.onaliyun.com,"<div id=""se-knowledge""><p>好的，有问题随时与我联系就行~</p><link rel=""stylesheet"" href=""https://g.alicdn.com/isipfe/docs/rich.css?""></div>"
30011996110,30000205838,售前/产品使用问题,是否有老师辅导,"自己观看理解，不懂的有指引么
课程不明白的地方找谁解答
购买后有什么不懂的，可以找你吗
是自己观看理解 不懂的有指引么
我怕自己学不懂，有人教吗
会安排指导老师吗
有老师来带我吗
课程中会有专门的老师辅导我吗
有辅导老师吗
会有老师指导吗",2024/3/8 18:49:49,2024/4/11 10:11:49,ceshi@1956773234663935.onaliyun.com,ceshi@1956773234663935.onaliyun.com,"<div id=""se-knowledge""><p>亲亲下单成功之后48小时，会给您安排助教对接您学习噢，您留意短信消息，在短信【博商获客】可以添加到管理的助教老师哈</p><link rel=""stylesheet"" href=""https://g.alicdn.com/isipfe/docs/rich.css?""></div>"
30012022233,30000205838,售前/产品使用问题,获取不到验证码,"我没收到短信啊
短信没看到啊
有发短信吗，我没收到
我怎么看不到短信啊
短信没用啊
下了单没有收到短信
我没有收到短信，我下单了
不知道啊 试了几次都收不到短信
购买课程成功后，没有收到短信怎么办？
我用的是国内手机号 收不到验证码，我也没换过啊
老师没收到短信怎么办
下载的app，获取不到验证码，怎么办
收到链接打不开
短息的链接点不开
我点不开短信的链接
短信上的链接点了没反应
验证码为什么收不到呢
就是收不到验证码
短信的验证码一直都收不到
短信链接打不开",2024/3/28 16:10:19,2024/4/11 10:02:13,ceshi@1956773234663935.onaliyun.com,ceshi@1956773234663935.onaliyun.com,"<div id=""se-knowledge""><p>亲亲您可以看一下短信有没有被拦截哦，可以在垃圾箱看一下哟，亲亲如果是在国外的话可以看一下有没有开通国际漫游呢</p><link rel=""stylesheet"" href=""https://g.alicdn.com/isipfe/docs/rich.css?""></div>"
30011996156,30000205846,基本回复,已付款,"买完会给我发账号密码吗
购买后我想马上就能学习
怎么宣传的是什么正版呀什么时候可以有?
下单后是发链接?还是账号密码
买完之后就能听了吗
付完款了
下完单了
已下单
已购买
我买完了
已经付款完成
购买好了
支付完成
付款成功
我已经买好了
付款了哈",2024/3/8 18:50:01,2024/4/11 9:50:53,ceshi@1956773234663935.onaliyun.com,ceshi@1956773234663935.onaliyun.com,"<div id=""se-knowledge""><p>亲亲已购买的话注意短信哦，观看方式下单5分钟左右会直接发送到短信里面哈<br><br>如果没有看到的话留意一下垃圾短信里面是不是被拦截了哦</p><link rel=""stylesheet"" href=""https://g.alicdn.com/isipfe/docs/rich.css?""></div>"
30012023920,30000205845,售后/退款相关,退款未收到,"未收到退款，帮我查查
我购买的365，信息上显示退还8839卡上，可是我这边没有收到啊
退款是退到哪里的，卡上没收到
退款不是原路返还的吗，我怎么没看到
钱退哪里去了，我没收到
退的钱怎么还没有到我的卡上
退还的钱好没有收到怎么办",2024/3/31 19:00:59,2024/4/10 10:39:27,ceshi@1956773234663935.onaliyun.com,ceshi@1956773234663935.onaliyun.com,"<div id=""se-knowledge""><p>亲亲，这边退款是原路径退回的，您可以点击订单查询一下退款流程哦</p><link rel=""stylesheet"" href=""https://g.alicdn.com/isipfe/docs/rich.css?""></div>"
30011996151,30000205845,售后/退款相关,怎么退款,"没观看是不是就不收我钱
观看的课程不超过5%可以随时退吗？
我还没学完，不想学了，能退钱吗
课程学了一半不想学了，要退款
看了一半不想学了
学习了一半发现不喜欢这个课程，可以退款吗
学习到一半时决定不再继续学习，是否可以退款?
这个订单我要 申请退款
你好，这个订单麻烦退一下，谢谢
你好。我买课还没有学。麻烦帮我退款一下。谢谢
我已经买了线下课程了，请问 这个怎么退啊
已經申請退款 麻煩跟進，尽快处理！
干货太少了 都没怎么看，申请退款
重复拍了，这个帮我退了
退款
我要退款这个课程对我没有帮助
这个课程我还没有学习可以退款吗？
不合适可以退吗？
但是我觉得这个课程对我来说没有什么作用 可以退货吗？ 可以申请退款吗？
不要说了，还是退款吧！
我发现我买重复了老师的课，可以退款吗？
不满意的话可以退是吗
我要退款，但是退不了款
为什么拒绝退款，是你们的问题
看不了课程申请退款
申请退款退货  还要自己寄过来吗
我想退货，退货的流程是什么
可以退掉课程吗，不想要了
不想要了能退吗
课程可以退货吗
我现在不要了，不要说了，还是退款吧！
那我能退吗 我想退掉去直播间购买""
退货 申请退款
不好意思，课程不太适合，我退货退款了哈
是不是申请直接退款，无需退货
不行我就退货吧
不能退货吗？
课程没有时间需要退款
我要退款
怎么退课
我可以退钱吗？
这个还能退货吗
你好老师我要退货
这些不是我想要的，我申请退货
如果需要退款，该如何操作？
课程买了如果不合适能退吗？
我买错了课程了
我没空参加线下课，需要退款
退换货有什么要求？",2024/3/8 18:49:59,2024/4/10 10:28:52,ceshi@1956773234663935.onaliyun.com,ceshi@1956773234663935.onaliyun.com,"<div id=""se-knowledge""><p>亲亲，购买后7天内观看总时长不超过30分钟可退款，在订单管理申请售后。</p><link rel=""stylesheet"" href=""https://g.alicdn.com/isipfe/docs/rich.css?""></div>"
30011996123,30000205838,售前/产品使用问题,为什么我的已购里面没有课程,"但是现在去登录的时候，他说课程已经过期了，怎么搞？我还没去。
我这个课程因为我给我弟弟买的，然后他忘记去弄了，
我去年买的书籍 视频课的短信链接打不开了，怎么处理
为什么我的已购里面什么也没有
上次抖音买了个399的课，找不到在哪了
钱已支付，没有收到课程
还看不了 没有显示课程
为啥我买了没有显示 我确实买了啊
买了2个课程，都打不开
你好 没有课程 是怎么回事
课程都不见了
为什么显示无课程
没有课程
为什么我的已购课程没了呢
已购里没课程
我的课程在已购里面没找到
已购里面没有玩买的课程",2024/3/8 18:49:53,2024/4/9 11:26:51,ceshi@1956773234663935.onaliyun.com,ceshi@1956773234663935.onaliyun.com,"<div id=""se-knowledge""><p>亲亲有登录吗？要使用收件地址的手机登录观看学习哦，或者亲亲截图一下完整的订单信息这边给您看一下哟</p><link rel=""stylesheet"" href=""https://g.alicdn.com/isipfe/docs/rich.css?""></div>"
30011996158,30000205846,基本回复,谢谢,"谢谢你们，我学到了很多东西
客服太好了，给你们点个赞
有不明白的地方再来请教您。谢谢
晚上等孩子回家弄，晚上购买,谢谢你们
好的谢谢亲爱的，你太好了，我真的非常感恩感谢你亲爱的
谢谢啦
非常感谢你的耐心解答
我真的很感激
太谢谢你了
非常感谢你的帮助",2024/3/8 18:50:01,2024/4/8 17:12:55,ceshi@1956773234663935.onaliyun.com,ceshi@1956773234663935.onaliyun.com,"<div id=""se-knowledge""><p>非常感谢亲亲的支持，不客气的哟~</p><link rel=""stylesheet"" href=""https://g.alicdn.com/isipfe/docs/rich.css?""></div>"
30012034611,30000210725,多渠道知识维护/退款操作指引,通用--1-退款操作指引,,2024/4/8 16:15:01,2024/4/8 16:15:05,chensicong@1956773234663935.onaliyun.com,chensicong@1956773234663935.onaliyun.com,"<div id=""se-knowledge""><div>亲亲，你是在哪里购买的订单呢？</div><link rel=""stylesheet"" href=""https://g.alicdn.com/isipfe/docs/rich.css?""></div>"
30012034610,30000210725,多渠道知识维护/退款操作指引,抖店-1-退款操作指引,,2024/4/8 16:13:07,2024/4/8 16:13:24,chensicong@1956773234663935.onaliyun.com,chensicong@1956773234663935.onaliyun.com,"<div id=""se-knowledge""><p><img width=""4096"" height=""3072"" src=""https://beebot-knowledgecloud-aliyun-public-cn-shanghai.oss-cn-shanghai.aliyuncs.com/kc/1223107/kc-media/kc-faq-oss/1712563980352-output1.jpg"" slate-data-type=""image""></p><link rel=""stylesheet"" href=""https://g.alicdn.com/isipfe/docs/rich.css?""></div>"
30012033460,30000210725,多渠道知识维护/退款操作指引,小红书-16-退款操作指引,,2024/4/8 16:04:50,2024/4/8 16:04:56,chensicong@1956773234663935.onaliyun.com,chensicong@1956773234663935.onaliyun.com,"<div id=""se-knowledge""><p><img width=""2913"" height=""2160"" src=""https://beebot-knowledgecloud-aliyun-public-cn-shanghai.oss-cn-shanghai.aliyuncs.com/kc/1223107/kc-media/kc-faq-oss/1712563485486-output4.jpg"" slate-data-type=""image""></p><link rel=""stylesheet"" href=""https://g.alicdn.com/isipfe/docs/rich.css?""></div>"
30012033459,30000210725,多渠道知识维护/退款操作指引,视频号-10-退款操作指引,,2024/4/8 16:04:00,2024/4/8 16:04:11,chensicong@1956773234663935.onaliyun.com,chensicong@1956773234663935.onaliyun.com,"<div id=""se-knowledge""><p><img width=""1500"" height=""1124"" src=""https://beebot-knowledgecloud-aliyun-public-cn-shanghai.oss-cn-shanghai.aliyuncs.com/kc/1223107/kc-media/kc-faq-oss/1712563427725-output3.jpg"" slate-data-type=""image""></p><link rel=""stylesheet"" href=""https://g.alicdn.com/isipfe/docs/rich.css?""></div>"
30012033457,30000210725,多渠道知识维护/退款操作指引,快手-2-退款操作指引,,2024/4/8 16:03:07,2024/4/8 16:03:14,chensicong@1956773234663935.onaliyun.com,chensicong@1956773234663935.onaliyun.com,"<div id=""se-knowledge""><p><img width=""4096"" height=""3072"" src=""https://beebot-knowledgecloud-aliyun-public-cn-shanghai.oss-cn-shanghai.aliyuncs.com/kc/1223107/kc-media/kc-faq-oss/1712563376547-output2.jpg"" slate-data-type=""image""></p><link rel=""stylesheet"" href=""https://g.alicdn.com/isipfe/docs/rich.css?""></div>"
30012033456,30000210725,多渠道知识维护/退款操作指引,抖音小程序-12-退款操作指引,,2024/4/8 16:00:25,2024/4/8 16:00:36,chensicong@1956773234663935.onaliyun.com,chensicong@1956773234663935.onaliyun.com,"<div id=""se-knowledge""><p><img width=""4096"" height=""3072"" src=""https://beebot-knowledgecloud-aliyun-public-cn-shanghai.oss-cn-shanghai.aliyuncs.com/kc/1223107/kc-media/kc-faq-oss/1712563216150-output1.jpg"" slate-data-type=""image""></p><link rel=""stylesheet"" href=""https://g.alicdn.com/isipfe/docs/rich.css?""></div>"
30012033451,30000210725,多渠道知识维护/退款操作指引,自营-1212-退款操作指引,,2024/4/8 15:57:23,2024/4/8 15:57:34,chensicong@1956773234663935.onaliyun.com,chensicong@1956773234663935.onaliyun.com,"<div id=""se-knowledge""><p><img width=""1415"" height=""995"" src=""https://beebot-knowledgecloud-aliyun-public-cn-shanghai.oss-cn-shanghai.aliyuncs.com/kc/1223107/kc-media/kc-faq-oss/1712563033945-output.jpg"" slate-data-type=""image""></p><link rel=""stylesheet"" href=""https://g.alicdn.com/isipfe/docs/rich.css?""></div>"
30012024090,30000209159,其他,请问获客教育是代理的嘛,"获客教育是代理吗
你们是代理的获客吧
获客是代理吗",2024/4/1 12:01:24,2024/4/8 15:48:15,ceshi@1956773234663935.onaliyun.com,ceshi@1956773234663935.onaliyun.com,"<div id=""se-knowledge""><p>亲亲，我们的自己的公司哦。</p><link rel=""stylesheet"" href=""https://g.alicdn.com/isipfe/docs/rich.css?""></div>"
30011996115,30000205838,售前/产品使用问题,这个课程是线上还是线下？,"这个课程有电子版的吗？
线上视频有直播吗，有些问题想一对一请老师解答
这个课程有线下环节吗
这个课程是纯线上教学吗？
这个课程需要线下学习吗？
这个课程是线上模式吗？",2024/3/8 18:49:50,2024/4/8 15:44:29,ceshi@1956773234663935.onaliyun.com,ceshi@1956773234663935.onaliyun.com,"<div id=""se-knowledge""><p>很抱歉线上的课程是自主学习的视频课哦，没有老师专门一对一指导的呢</p><link rel=""stylesheet"" href=""https://g.alicdn.com/isipfe/docs/rich.css?""></div>"
30012024091,30000209159,其他,如果喺後台購買，你會有分成嗎？,"课程的提成会给你百分之多少啊
你会拿多少提成
你们销售出去的课程有分成吗
你们有提成吗
我在后台买课，你有提成吗",2024/4/1 12:11:00,2024/4/8 14:41:25,ceshi@1956773234663935.onaliyun.com,ceshi@1956773234663935.onaliyun.com,"<div id=""se-knowledge""><p>亲亲，没有的哦</p><link rel=""stylesheet"" href=""https://g.alicdn.com/isipfe/docs/rich.css?""></div>"
30012033346,30000205836,售后/订单问题/订单相关,下单享五大权益  是什么,,2024/4/8 14:39:22,2024/4/8 14:39:22,ceshi@1956773234663935.onaliyun.com,,"<div id=""se-knowledge""><p>是赠送的课程资料哦</p><link rel=""stylesheet"" href=""https://g.alicdn.com/isipfe/docs/rich.css?""></div>"
30012023922,30000209438,新知识暂存,报成365的课程怎么没老师联系我,"365购买之后一直没有老师联系我
怎么一直没有老师联系我，我报的是365的
购买了张老师365的课，一直没有找我怎么办",2024/3/31 19:15:02,2024/4/8 14:38:03,ceshi@1956773234663935.onaliyun.com,ceshi@1956773234663935.onaliyun.com,"<div id=""se-knowledge""><p>亲亲您订单截图发我，这边后台查询一下呢</p><link rel=""stylesheet"" href=""https://g.alicdn.com/isipfe/docs/rich.css?""></div>"
30012023488,30000205838,售前/产品使用问题,ipad能观看吗,"课程只能在手机上看吗？电脑或是ipad上面可以观看吗？
ipad能够观看课程吗？
ipad可以观看吗？
是否可以在ipad上看？
可以用ipad观看吗？
能否在ipad上观看？
ipad可以用来观看吗？
可以在ipad上观看吗？",2024/3/30 16:12:21,2024/4/8 14:34:12,ceshi@1956773234663935.onaliyun.com,ceshi@1956773234663935.onaliyun.com,"<div id=""se-knowledge""><p>亲亲在，ipad可以看的哦，订单截图发我哈，这边给您发观看路径</p><link rel=""stylesheet"" href=""https://g.alicdn.com/isipfe/docs/rich.css?""></div>"
30012023918,30000205838,售前/产品使用问题,我买了398和628两个课程，只收到一条短信链接， 是全部都在这一个链接里面吗,"我买了两个课程，只收到一条短信链接，是否可以单独发送链接给我
我购买了两个不同价格的课程，只收到了一条短信链接，请问是怎么回事
我买了两个课程，只收到一条短信链接，是不是我操作失误了
我购买了两个不同的课程，但是只收到了一条短信链接，这是为什么
请问一下，这两个课程是分开在两个链接里吗
我购买了两个课程，就收到一条短信链接怎么办",2024/3/31 18:46:37,2024/4/8 14:28:55,ceshi@1956773234663935.onaliyun.com,ceshi@1956773234663935.onaliyun.com,"<div id=""se-knowledge""><p>亲亲已购买的话注意短信哦，观看方式下单5分钟左右会直接发送到短信里面哈<br><br>如果没有看到的话留意一下垃圾短信里面是不是被拦截了哦</p><link rel=""stylesheet"" href=""https://g.alicdn.com/isipfe/docs/rich.css?""></div>"
30012033333,30000210641,多渠道知识维护/订单查询,小红书-16-订单查询,,2024/4/8 14:09:00,2024/4/8 14:09:04,lizhun@1956773234663935.onaliyun.com,lizhun@1956773234663935.onaliyun.com,"<div id=""se-knowledge""><p><img width=""4096"" height=""4096"" src=""https://beebot-knowledgecloud-aliyun-public-cn-shanghai.oss-cn-shanghai.aliyuncs.com/kc/1223107/kc-media/kc-faq-oss/1712556537198-ckdd-16.jpg"" slate-data-type=""image""></p><link rel=""stylesheet"" href=""https://g.alicdn.com/isipfe/docs/rich.css?""></div>"
30012033332,30000210641,多渠道知识维护/订单查询,快手-2-订单查询,,2024/4/8 14:08:00,2024/4/8 14:08:04,lizhun@1956773234663935.onaliyun.com,lizhun@1956773234663935.onaliyun.com,"<div id=""se-knowledge""><p><img width=""4096"" height=""4096"" src=""https://beebot-knowledgecloud-aliyun-public-cn-shanghai.oss-cn-shanghai.aliyuncs.com/kc/1223107/kc-media/kc-faq-oss/1712556477868-ckdd-2.jpg"" slate-data-type=""image""></p><link rel=""stylesheet"" href=""https://g.alicdn.com/isipfe/docs/rich.css?""></div>"
30012033331,30000210641,多渠道知识维护/订单查询,通用--1-订单查询,,2024/4/8 14:06:07,2024/4/8 14:06:12,lizhun@1956773234663935.onaliyun.com,lizhun@1956773234663935.onaliyun.com,"<div id=""se-knowledge""><div>亲亲，你是在哪里购买的订单呢？</div><link rel=""stylesheet"" href=""https://g.alicdn.com/isipfe/docs/rich.css?""></div>"
30012033330,30000210641,多渠道知识维护/订单查询,视频号-10-订单查询,,2024/4/8 14:05:23,2024/4/8 14:05:27,lizhun@1956773234663935.onaliyun.com,lizhun@1956773234663935.onaliyun.com,"<div id=""se-knowledge""><p><img width=""2913"" height=""2160"" src=""https://beebot-knowledgecloud-aliyun-public-cn-shanghai.oss-cn-shanghai.aliyuncs.com/kc/1223107/kc-media/kc-faq-oss/1712556319535-ckdd-10.jpg"" slate-data-type=""image""></p><link rel=""stylesheet"" href=""https://g.alicdn.com/isipfe/docs/rich.css?""></div>"
30012033328,30000210641,多渠道知识维护/订单查询,抖音-1-订单查询,,2024/4/8 14:04:10,2024/4/8 14:04:15,lizhun@1956773234663935.onaliyun.com,lizhun@1956773234663935.onaliyun.com,"<div id=""se-knowledge""><p><img width=""2000"" height=""2000"" src=""https://beebot-knowledgecloud-aliyun-public-cn-shanghai.oss-cn-shanghai.aliyuncs.com/kc/1223107/kc-media/kc-faq-oss/1712556246066-ckdd-1.jpg"" slate-data-type=""image""></p><link rel=""stylesheet"" href=""https://g.alicdn.com/isipfe/docs/rich.css?""></div>"
30012023407,30000210639,多渠道知识维护/如何看课,视频号-10-看课指引,"订单卡片。订单号:P692501301911559991,商品名:【官方正版】张琦：天地人网 全渠道增长路径设计 视频课 亲 这个课怎么上？ 也没人和我说 拍了这么久了",2024/3/29 18:01:34,2024/4/8 12:45:59,lizhun@1956773234663935.onaliyun.com,lizhun@1956773234663935.onaliyun.com,"<div id=""se-knowledge""><div><div class=""ace-line ace-line old-record-id-WhZZdK97qoEZC4x5X4UcIw0lnPb"">亲，购买以后在微信公众号观看哦，</div><div class=""ace-line ace-line old-record-id-RWEgdJKXjojkSExuZdqcBK1TnBd"">1.在微信搜索【获课一下】公众号或小程序【获课】</div><div class=""ace-line ace-line old-record-id-ECHcdvx4Mok3z0xBT9zcT9tWnko"">2.在首页下方点击【开始学习】-【我的已购】(登录时用下单手机号)</div><div class=""ace-line ace-line old-record-id-WHbLdXBDqoof2dxhSGAcHZxTn9b"">3.在【学习中心】点【去学习】就可以观看啦</div><div class=""ace-line ace-line old-record-id-WQEidqOM2oO8V5xDOyKcckB7nae"">观看过程中有任何问题一定要及时跟我说哦，我会尽我最大努力为您解决的~.</div></div><p><img width=""2880"" height=""2160"" src=""https://beebot-knowledgecloud-aliyun-public-cn-shanghai.oss-cn-shanghai.aliyuncs.com/kc/1223107/kc-media/kc-faq-oss/1712493002249-视频号.jpg"" slate-data-type=""image""></p><link rel=""stylesheet"" href=""https://g.alicdn.com/isipfe/docs/rich.css?""></div>"
30012023937,30000205838,售前/产品使用问题,课程是否有教怎么做视频,"短视频这个课程会教吗
有教怎么做视频吗
你好这里面课程有交怎么做视频吗
有没有专门教短视频或者直播的课程呀
会针对我的情况给具体的思路指导么 比如怎么做账号
我想学做视频，这个课程是可以教的是吧
我想学拍短视频，不知道课程里有没有这个内容
你好！不会做视频号，学习内容里有教吗？
你好，学了课程就会做视频啦",2024/3/31 20:47:19,2024/4/8 12:37:27,ceshi@1956773234663935.onaliyun.com,ceshi@1956773234663935.onaliyun.com,"<div id=""se-knowledge""><p>抱歉哦亲亲，目前没有针对性讲解的课程呢</p><link rel=""stylesheet"" href=""https://g.alicdn.com/isipfe/docs/rich.css?""></div>"
30012024088,30000205838,售前/产品使用问题,麻烦提供给我行业趋势分析报告,"我该从事什么行业，有没有行业趋势分析
行业趋势报告的链接在哪
行业趋势的分析在哪里领取
老师你好，我想要行业报告找谁
行业报告在哪里领取啊
行业报告百度网盘的链接请提供一下，谢谢",2024/4/1 11:54:01,2024/4/8 12:31:52,ceshi@1956773234663935.onaliyun.com,ceshi@1956773234663935.onaliyun.com,亲亲，电子资料可以直接在学习中心的查看到，也可以直接在视频课程下方查看的哟
30012023930,30000205838,售前/产品使用问题,有没有一对一的咨询呢？,"一对一教学包含什么 那些方面？
怎样单独咨询讲课老师问题",2024/3/31 20:11:15,2024/4/8 12:31:06,ceshi@1956773234663935.onaliyun.com,ceshi@1956773234663935.onaliyun.com,很抱歉线上的课程是自主学习的视频课哦，没有老师专门一对一指导的呢
30012023406,30000210639,多渠道知识维护/如何看课,抖店-1-看课指引,,2024/3/29 18:00:26,2024/4/8 12:28:38,lizhun@1956773234663935.onaliyun.com,lizhun@1956773234663935.onaliyun.com,"<div id=""se-knowledge""><p>亲，您在抖音搜索 “获课一下”小程序进入后，根据下方图片指引，在学习中心找到课程，点击去学习观看哦~<img width=""4096"" height=""3072"" src=""https://beebot-knowledgecloud-aliyun-public-cn-shanghai.oss-cn-shanghai.aliyuncs.com/kc/1223107/kc-media/kc-faq-oss/1712550513458-1.jpg"" slate-data-type=""image""></p><link rel=""stylesheet"" href=""https://g.alicdn.com/isipfe/docs/rich.css?""></div>"
30012023409,30000210639,多渠道知识维护/如何看课,通用--1-看课指引,,2024/3/29 18:03:53,2024/4/8 12:20:54,lizhun@1956773234663935.onaliyun.com,lizhun@1956773234663935.onaliyun.com,"<div id=""se-knowledge""><p>您可以在应用商店搜索【获课】APP，然后登录账号，在学习中心观看课程<img width=""1000"" height=""1387"" src=""https://beebot-knowledgecloud-aliyun-public-cn-shanghai.oss-cn-shanghai.aliyuncs.com/kc/1223107/kc-media/kc-faq-oss/1712499612559-1.jpg"" slate-data-type=""image""></p><link rel=""stylesheet"" href=""https://g.alicdn.com/isipfe/docs/rich.css?""></div>"
30012023945,30000210639,多渠道知识维护/如何看课,自营-1212-看课指引,,2024/3/31 22:01:32,2024/4/8 12:20:37,lizhun@1956773234663935.onaliyun.com,lizhun@1956773234663935.onaliyun.com,"<div id=""se-knowledge""><p>您可以在应用商店搜索【获课】APP，然后登录账号，在学习中心观看课程</p><p><img width=""1000"" height=""1387"" src=""https://beebot-knowledgecloud-aliyun-public-cn-shanghai.oss-cn-shanghai.aliyuncs.com/kc/1223107/kc-media/kc-faq-oss/1712499950994-1212.jpg"" slate-data-type=""image""></p><link rel=""stylesheet"" href=""https://g.alicdn.com/isipfe/docs/rich.css?""></div>"
30012023500,30000205855,已购课程/使用反馈,页面打不开,"我打开后没声音，没画面，是我卡了吗
视频一直加载不出来，是软件问题吗
你们的课程加载太慢，好久才加载出来
进入之后为什么打开老是出现信息崩溃
在观看过程中总是缓冲不能好好观看这个。
页面一直黑屏怎么办
页面一直转圈圈怎么办
学习课程页面打不开怎么办",2024/3/30 17:04:58,2024/4/8 12:18:14,ceshi@1956773234663935.onaliyun.com,ceshi@1956773234663935.onaliyun.com,"<div id=""se-knowledge""><p>亲亲登录的哪里呀，可以截图发我一下吗，这边去联系IT老师看看是什么情况呢，亲亲也可以关机重启一下手机试试</p><link rel=""stylesheet"" href=""https://g.alicdn.com/isipfe/docs/rich.css?""></div>"
30012023915,30000205844,已购课程/课程咨询,排错课了,"""还有书本或者什么资料赠送么
我选的不是这门课啊，排错课了吧
不是这个老师啊，排错课了吧
排错课了，这是哪一门课的内容？
课程好像不对，拍错了吧
【直播专享】张琦：商业认知&团队管理（视频课+书籍） 排错课了",2024/3/31 18:38:19,2024/4/8 12:17:09,ceshi@1956773234663935.onaliyun.com,ceshi@1956773234663935.onaliyun.com,"<div id=""se-knowledge""><p>亲亲，您给下您课程订单截图，这边反馈核实一下哦</p><link rel=""stylesheet"" href=""https://g.alicdn.com/isipfe/docs/rich.css?""></div>"
30012023502,30000205838,售前/产品使用问题,线下课程咨询,"武汉有线下课通知吗
在郑州这边有没有线下课？
杭州的线下课，你们有接到通知吗？
王文博教授的的深圳线下课，发通知了吗？
我在武汉 请问有附近的课程吗？
请问，北京啥时候开课？
線下課是什麼
线下课程在哪里上课？
請問這個有沒有線下課程？
想了解一下你们的线下课程费用
有没有什么好的线下课程推荐？
想知道一下线下课程的时间和地点
想报名参加你们的线下课程
请问你们有哪些线下课程可以参加？
想了解一下你们的线下课程安排
有张琦老师的线下课吗
有你们线下课安排计划吗",2024/3/30 17:35:30,2024/4/8 12:12:19,ceshi@1956773234663935.onaliyun.com,ceshi@1956773234663935.onaliyun.com,"<div id=""se-knowledge""><p>亲亲是要参加老师的线下课程吗？稍等这边给您看一下课程的上课时间哦</p><link rel=""stylesheet"" href=""https://g.alicdn.com/isipfe/docs/rich.css?""></div>"
30012023497,30000205844,已购课程/课程咨询,延期多久时间,"请问能延迟多久
可以延时多久
可以延迟多长时间
请问可以延时多久
视频可以延期多久的观看时间
课程可以延长多久时间
能延长多久的观看时间啊
可以延期多久啊",2024/3/30 16:40:29,2024/4/8 11:58:36,ceshi@1956773234663935.onaliyun.com,ceshi@1956773234663935.onaliyun.com,"<div id=""se-knowledge""><p>亲亲延期是1-3个月的，客服最大权限是3个月，这边给您延期的是3个月，尽快观看学习哦</p><link rel=""stylesheet"" href=""https://g.alicdn.com/isipfe/docs/rich.css?""></div>"
30012023919,30000205838,售前/产品使用问题,我这个怎么发不了图片呢,"我的图片无法发送，怎么办？
我拍了一张照片，但是无法发送，请问是怎么回事？
为什么我发图片给你的时候显示失败了？
怎么不能发截图给你们啊
为什么发不了照片
为什么不能发图片",2024/3/31 18:52:27,2024/4/8 11:47:36,ceshi@1956773234663935.onaliyun.com,ceshi@1956773234663935.onaliyun.com,"<div id=""se-knowledge""><p>亲亲可以看一下有没有网络是否正常哦，或者亲亲可以看一下有没有授权照片的功能哦，没有的话可以在设置里面授权一下哟</p><link rel=""stylesheet"" href=""https://g.alicdn.com/isipfe/docs/rich.css?""></div>"
30012023929,30000205838,售前/产品使用问题,有目录介绍吗,"帮我找一下关于目录介绍的信息
可以给我一个目录介绍吗
哪里可以找到目录介绍
有没有详细的目录介绍",2024/3/31 19:40:16,2024/4/8 11:46:05,ceshi@1956773234663935.onaliyun.com,ceshi@1956773234663935.onaliyun.com,"<div id=""se-knowledge""><p>亲亲点击链接进去往下滑，就可以看到课程大纲的目录哟</p><link rel=""stylesheet"" href=""https://g.alicdn.com/isipfe/docs/rich.css?""></div>"
30012023927,30000205852,售前/优惠咨询,我看有的价格不一样，它是有什么区别吗？,"为什么同样的一门课会有不同的价格？
这些课程的价格差别在哪里？
价格差别课程有哪些区别？
价格不一样有哪些区别？",2024/3/31 19:33:38,2024/4/8 11:45:24,ceshi@1956773234663935.onaliyun.com,ceshi@1956773234663935.onaliyun.com,"<div id=""se-knowledge""><p>亲亲课程一样的话价格是一样的哟，您看到的不一样的应该是平台赠送的限时新人优惠，有平台赠送的新人优惠卷的话价格会不一样呢</p><link rel=""stylesheet"" href=""https://g.alicdn.com/isipfe/docs/rich.css?""></div>"
30012023926,30000205838,售前/产品使用问题,老师课程讲具体方法吗,"老师上课会讲具体的解题方法吗
讲的都是方法吗",2024/3/31 19:30:19,2024/4/8 11:43:40,ceshi@1956773234663935.onaliyun.com,ceshi@1956773234663935.onaliyun.com,"<div id=""se-knowledge""><p>亲亲没有教具体的落地方案的哦</p><link rel=""stylesheet"" href=""https://g.alicdn.com/isipfe/docs/rich.css?""></div>"
30011996140,30000205842,线上营销渠道相关咨询,有粉丝群吗？怎么进？,"这个有班级吗
咱们有班级吗
我能加到学习班级吗
这个课程有班级吗
你们有群吗，有些问题我还不懂
我想了解你们的产品，有群吗
粉丝群是什么？
你们有粉丝群吗
粉丝群怎么加
如何加入粉丝群？
我想加入粉丝群",2024/3/8 18:49:56,2024/4/8 11:40:53,ceshi@1956773234663935.onaliyun.com,ceshi@1956773234663935.onaliyun.com,"<div id=""se-knowledge""><p>亲亲抱歉哦，目前是没有群的呢</p><link rel=""stylesheet"" href=""https://g.alicdn.com/isipfe/docs/rich.css?""></div>"
30012022014,30000205838,售前/产品使用问题,这个课程购买后可以拿给其他人学习吗,"我想和家里人一起观看，可以吗
别人能登陆上我的账号吗
能让其他人登陆上去学习课程吗
其他人可以登录我的账号吗
我能把课程发给别人一起学习吗
我买的课程想分享给朋友，怎么办
其他人也能学习我买的课程吗
我想把课程给其他人看可以吗",2024/3/28 10:56:40,2024/4/8 11:39:16,ceshi@1956773234663935.onaliyun.com,ceshi@1956773234663935.onaliyun.com,"<div id=""se-knowledge""><p>亲亲，课程不支持同时登录的，会被挤下线的哟，使用订单留的收货信息就可以登录观看哦</p><link rel=""stylesheet"" href=""https://g.alicdn.com/isipfe/docs/rich.css?""></div>"
30012023923,30000205842,线上营销渠道相关咨询,那个群聊是做什么用的呢？,你们要我加的群做什么用的,2024/3/31 19:21:02,2024/4/8 11:36:41,ceshi@1956773234663935.onaliyun.com,ceshi@1956773234663935.onaliyun.com,"<div id=""se-knowledge""><p>亲亲，哪一个呀亲亲可以截图发我确认一下哦</p><link rel=""stylesheet"" href=""https://g.alicdn.com/isipfe/docs/rich.css?""></div>"
30012022184,30000205838,售前/产品使用问题,怎么添加助教,"助教的电话怎么添加到
如何联系上助教老师
你们有助教加我吗
请问怎样才能加到你们的助教团队
添加助教方式
助教会联系我吗
我要怎么联系助教
总联系不上班主任老师，是个什么情况？ 我想申请换一个
如何添加班主任老师
老师都联系不上，你给我换个吧
老师怎么都联系不上，怎么办
联系不上助教老师",2024/3/28 15:31:00,2024/4/8 11:28:31,ceshi@1956773234663935.onaliyun.com,ceshi@1956773234663935.onaliyun.com,"<div id=""se-knowledge""><p>亲亲麻烦您提供下完整的订单信息截图，这边助教老师帮您处理哦</p><link rel=""stylesheet"" href=""https://g.alicdn.com/isipfe/docs/rich.css?""></div>"
30012023496,30000205846,基本回复,我要投诉,"客服每次的回答都不一样，我该听谁的？
我知道还问你们吗，一点作用都没有
你们资料包课程字体太小，希望可以改善
客服服务态度不好，我要给一个差评
不要一直给我打电话，不然投诉你
客服是人工的吗，一点都不专业
给人工客服打电话一直占线
你们的客服服务态度不好，顾客是上帝
不想买你们的课程，不要一直骚扰我
服务太差了，我要投诉你们
在线客服有什么用，一直不回复！
人工 你的态度让我很不满，我要投诉！
我要投诉你们客服，一点都不理人
投诉电话是多少？",2024/3/30 16:33:17,2024/4/8 10:33:18,ceshi@1956773234663935.onaliyun.com,ceshi@1956773234663935.onaliyun.com,"<div id=""se-knowledge""><p>亲亲实在抱歉给您带来不好的体验了，亲亲可以截图发我，这边去反馈给领导呢</p><link rel=""stylesheet"" href=""https://g.alicdn.com/isipfe/docs/rich.css?""></div>"
30012028420,30000210640,多渠道知识维护/如何开票,通用-如何开票,,2024/4/7 20:03:51,2024/4/8 10:31:50,chensicong@1956773234663935.onaliyun.com,chensicong@1956773234663935.onaliyun.com,"<div id=""se-knowledge""><p>亲亲开发票流程如下~</p><p>1、微信搜索""获课""进入小程序</p><p>2、点击右下角""我的""，再点击""发票服务""，找到需要开票订单并点击""申请开票""，根据页面提示填入发票信息即可~</p><p>3、开票项目是*广播影视服务*短视频服务</p><p>开票提醒</p><p>开票时间：每周三中午12点之前申请的发票，财务会在周五同意开出并发送到您的邮箱~期间还请耐心等待呢~</p><p>如有疑问可以咨询客服为您处理哟~</p><p style=""text-align:left;margin-bottom:0px;margin-top:0px;margin-left:0px""><img width=""655"" height=""1024"" src=""https://beebot-knowledgecloud-aliyun-public-cn-shanghai.oss-cn-shanghai.aliyuncs.com/kc/1223107/kc-media/kc-faq-oss/1712543497276-wyrhkfp-common.jpg"" slate-data-type=""image""></p><link rel=""stylesheet"" href=""https://g.alicdn.com/isipfe/docs/rich.css?""></div>"
30012028422,30000210640,多渠道知识维护/如何开票,小红书-如何开票,,2024/4/7 20:17:10,2024/4/8 10:24:09,chensicong@1956773234663935.onaliyun.com,chensicong@1956773234663935.onaliyun.com,"<div id=""se-knowledge""><p>亲亲，您按照图片步骤提交，在订单页面申请发票~</p><p>开票项目是*广播影视服务*短视频服务</p><p>&nbsp;</p><p>开票提醒</p><p>开票时间：每周三中午12点之前申请的发票，财务会在周五同意开除并发送到您的邮箱~期间还请耐心等待呢~</p><p>如有疑问可以咨询客服为您处理哟~</p><p style=""text-align:left;margin-bottom:0px;margin-top:0px;margin-left:0px""><img width=""1706"" height=""1280"" src=""https://beebot-knowledgecloud-aliyun-public-cn-shanghai.oss-cn-shanghai.aliyuncs.com/kc/1223107/kc-media/kc-faq-oss/1712543045624-wyrhkfp-16.jpg"" slate-data-type=""image""></p><link rel=""stylesheet"" href=""https://g.alicdn.com/isipfe/docs/rich.css?""></div>"
30012022307,30000205841,修改信息,收货地址修改,"请问我购买的课程地址填错了怎么修改
我的手机号改了啊，收货地址怎么改？
哎呀，我在国外，所以默认是我妈的地址 可以后台改一下吗？
如何修改收货地址？ Ok
能帮我把收货的地址信息改下吗
改一下收货的地址可以吗
地址我要修改
收货地址要换个新的
请问可以修改收货地址吗",2024/3/28 18:06:41,2024/4/8 10:19:18,ceshi@1956773234663935.onaliyun.com,ceshi@1956773234663935.onaliyun.com,"<div id=""se-knowledge""><p>亲亲这边可以给您修改哈，请留下以下信息，这边帮您处理哦~<br><br>订单截图（带订单编号的）：<br>需要修改为：</p><link rel=""stylesheet"" href=""https://g.alicdn.com/isipfe/docs/rich.css?""></div>"
30011996129,30000205838,售前/产品使用问题,我想购买课程，但是在国外，怎么办？,"我是台湾的，这边可以购买发货吗
我的内地手机号用不了，麻烦用台湾的手机登记
印度可以买吗，最近在哪出差
台湾地区的，怎么购买课程呢？
香港地区通过什么路径来买你们的课
台湾的有下载途径吗
你好，视频课海外可以看嘛
我是香港支付宝，付款不了怎么看？
我在香港要download什麼听课
請問課程覆蓋港澳客戶嗎？
香港沒有內地電話號碼，可以購買以上的課程嗎？
老師 我是香港居民，想買
沒有大陆支付宝 所以我不能購買對嗎
我沒有國內手機號，有辦法嗎
请问课程覆盖港澳台客户吗
在新加坡可以买吗？
只能大陸嗎，台湾地区能够买吗
我在马来西亚应该怎么购买课程？
我是香港的想购买去找谁？
我在新加坡工作，想上课怎么购买？
我没有国内的地址，在国外可以购买吗？
請問一下 我是台灣人  可以買嗎？
請問台灣沒支付寶可買嗎？
我在新加坡. 好像找不到
台灣如何購買
請問可以寄台灣嗎
我在美国想学张老师，365的课程
我在美国想学课程
我没有中国手机号码
請問在台灣地區可以購買這個課程嗎
香港可以听课吗
我是海外的 马来西亚 要怎么拿到视频呢
但是我人在马来西亚，该怎么做才能看到
請問這下單後在台灣要怎麼看
澳门 地区可以观看课程吗？
你好啊 外国人要怎麽购买这个视频呢
没有大陆手机号码就可以看吗
我在加拿大，怎麽可以购买顾老师的视频课程？
請問地址選不到香港可以怎樣處理？
课程的海外购买方式
我现在人在国外，不知道怎么购买这门课。
在国外要怎么买？
国外购买课程的方式。",2024/3/8 18:49:54,2024/4/8 10:07:54,ceshi@1956773234663935.onaliyun.com,ceshi@1956773234663935.onaliyun.com,"<div id=""se-knowledge""><p>亲亲课程要大陆号码验证码登录观看的哟~</p><link rel=""stylesheet"" href=""https://g.alicdn.com/isipfe/docs/rich.css?""></div>"
30011996145,30000205855,已购课程/使用反馈,为什么课程不支持下载、投屏、录制,"你好 我的手机想投屏电视上观看 并没有录制屏幕
我录屏有时间再看
不能投屏吗，手机太小了，眼镜不舒服
手机那么小也不方便啊 这太不人性化了
我想投屏到电视上看，手机上太小了，能投屏吗？
我想录个屏回去给我家里人看
如何下载视频内容
学习资料怎么下载
学习资料如何下载到百度网盘
可以发pdf 吗
pdf的资料也不行吗
可以发pdf的资料给我吗
课程不支持录制的吗
我想把课程录制下来，为什么不行
课程不能录制的吗，操作不了
为什么不能录制课程
我想录制课程，怎么录制不了
都不能下载，还卖啥，再见
拜拜吧，哪有课程不能下载的
不能下载我不买了，谢谢
不支持下载就算啦
不能下载那就886
这个课程怎么下载 亲
我可以将课程下载到我的平板或者电脑上吗
已购课程可以下载吗
资料下载不了呢
资料可以下载到手机里吗？
电脑上可以下载吗
资料都下载不了是吗
为什么我不能下载课程视频？
课程可以保存下来吗？
资料和视频可以下载吗
课程可以下载吗
投屏下载都不行吗，我买的课程
我想下载课程但是操作不了
为什么不能下载呢这个课程
课程怎么投屏都不行啊
下载不了课程",2024/3/8 18:49:58,2024/4/8 10:00:58,ceshi@1956773234663935.onaliyun.com,ceshi@1956773234663935.onaliyun.com,"<div id=""se-knowledge""><p>亲亲，出于对正版课程知识产权的保护，咱们的课程是不支持下载和投屏的哦，感谢您的理解哈</p><link rel=""stylesheet"" href=""https://g.alicdn.com/isipfe/docs/rich.css?""></div>"
30012019003,30000205840,售前/订单问题/订单物流咨询,物流包邮咨询,"我是新疆的，课程包邮吗
书包邮吗
书籍包邮吗
包邮吗",2024/3/22 17:00:23,2024/4/8 9:56:58,lizhun@1956773234663935.onaliyun.com,ceshi@1956773234663935.onaliyun.com,"<div id=""se-knowledge""><p>亲亲，包邮的噢~</p><link rel=""stylesheet"" href=""https://g.alicdn.com/isipfe/docs/rich.css?""></div>"
30012028427,30000210640,多渠道知识维护/如何开票,快手-如何开票,,2024/4/7 22:16:19,2024/4/7 22:16:29,chensicong@1956773234663935.onaliyun.com,chensicong@1956773234663935.onaliyun.com,"<div id=""se-knowledge""><p>亲亲订单截图发我哟，这边安排课程助理给您处理哈</p><link rel=""stylesheet"" href=""https://g.alicdn.com/isipfe/docs/rich.css?""></div>"
30012028423,30000210642,多渠道知识维护/学浪相关,通用-学浪相关,,2024/4/7 20:33:43,2024/4/7 20:34:15,chensicong@1956773234663935.onaliyun.com,chensicong@1956773234663935.onaliyun.com,"<div id=""se-knowledge""><p>亲亲抱歉不支持哟</p><link rel=""stylesheet"" href=""https://g.alicdn.com/isipfe/docs/rich.css?""></div>"
30011996147,30000205844,已购课程/课程咨询,线下课拍下之后怎么上？,"线下课怎么上
线下课的授课方式是什么？
线下课是否需要提前报名？
线下课的时间和地点是什么？",2024/3/8 18:49:58,2024/4/7 20:00:58,ceshi@1956773234663935.onaliyun.com,ceshi@1956773234663935.onaliyun.com,"<div id=""se-knowledge""><p>下单后24小时内会有助理老师安排您入班的哦</p><link rel=""stylesheet"" href=""https://g.alicdn.com/isipfe/docs/rich.css?""></div>"
30012022030,30000205838,售前/产品使用问题,课程只能绑定一个手机号码吗,"能绑定两个手机号吗，一个课程
我买的课程，想新增个手机号
我想再绑定一个手机号在购买的课程上
课程能绑定多个手机号的吧
是否可以将多个手机号码与课程进行绑定",2024/3/28 11:45:07,2024/4/7 19:59:28,ceshi@1956773234663935.onaliyun.com,ceshi@1956773234663935.onaliyun.com,"<div id=""se-knowledge""><p>亲亲抱歉哦，订单只能绑定一个收件地址的信息哟</p><link rel=""stylesheet"" href=""https://g.alicdn.com/isipfe/docs/rich.css?""></div>"
30011996124,30000205838,售前/产品使用问题,把课程送人怎么买？,"可以用朋友的手机号帮他下单吗
如果用朋友的手机号码帮下单呢？
请问我想给我女朋友买课程，要怎么买呢
我可以买来送朋友吗
我买了这个课程，怎么送给别人？
我想帮我姐姐买这个课程，要怎么买？
我要怎么帮其他人买这个课程呢？
帮别人购买课程的方式。
我想把这个课程买了送给别人怎么操作？",2024/3/8 18:49:53,2024/4/7 19:58:05,ceshi@1956773234663935.onaliyun.com,ceshi@1956773234663935.onaliyun.com,"<div id=""se-knowledge""><p>可以的哈，您订单留的信息留您朋友的哦</p><link rel=""stylesheet"" href=""https://g.alicdn.com/isipfe/docs/rich.css?""></div>"
30012022351,30000205838,售前/产品使用问题,我想把这个抖音号注销了，购买的课程还会在吗,"如果抖音号注销掉了，我买的课程还能找到吗
注销抖音账号，课程就不在了吧
抖音号没了，课程还有吗",2024/3/28 18:28:56,2024/4/7 19:57:04,ceshi@1956773234663935.onaliyun.com,ceshi@1956773234663935.onaliyun.com,"<div id=""se-knowledge""><p>亲亲，您给下订单号截图，这边查一下哦</p><link rel=""stylesheet"" href=""https://g.alicdn.com/isipfe/docs/rich.css?""></div>"
30011996125,30000205838,售前/产品使用问题,线下课程怎么报名？,"线下学习的课程是什么，你发给我。
我想在线下学习。
线下课程要怎么参加？
我想报名线下课程。",2024/3/8 18:49:53,2024/4/7 19:55:55,ceshi@1956773234663935.onaliyun.com,ceshi@1956773234663935.onaliyun.com,"<div id=""se-knowledge""><p>下单后24小时内会有助理老师安排您入班的哦</p><link rel=""stylesheet"" href=""https://g.alicdn.com/isipfe/docs/rich.css?""></div>"
30011996161,30000205838,售前/产品使用问题,有人电话/微信给我说是张琦老师助理，是你们的人吗？,"你们有客服打我电话一直联系我
我买的398的课，有一个电话打过来说是领取短视频学习的课程，是你们吗
我不是刚买了你们的398，有一个湖南的电话打过来说是领取短视频学习的课程，是你们么
有人打电话问我是不是买过张琦老师的369的课程，让我加微信发视频给我，我给挂了
哪个企业的我不知道，上来就问我是不是买过张琦老师的369的课程，然后让我加微信，说发视频，我拒绝了
咱们线下有没有客服加微信号的
有人给我打电话说是助教老师，还让我加微信，是你们安排的吧
你好，刚才有个人打电话给我，给了我一个号码，让我加微信，说给我发张琦老师最新的五十个短视频课程，这个是真的吗
自称是张琦助理的人，不是你们的人吧
有人打电话说是张琦助理，不知道是不是
刚刚有个张琦老师助理的人打电话给我，是你们的公司的吗
是你们的人给我打电话的吗，说是张琦老师的助理",2024/3/8 18:50:02,2024/4/7 19:45:51,ceshi@1956773234663935.onaliyun.com,ceshi@1956773234663935.onaliyun.com,"<div id=""se-knowledge""><p>亲亲，我们是有给您安排助教对接学习的哈，但是您可以注意一下，认准助教是有【博商管理的】的企业标识的哈                                                                                           第二步：或者您可以提供一下截图，我这边帮您核实一下噢~</p><link rel=""stylesheet"" href=""https://g.alicdn.com/isipfe/docs/rich.css?""></div>"
30011996102,30000205838,售前/产品使用问题,私董会和线下课怎么报名？,"线下课程在哪里上课？大陆有地点吗
私董会和线下课参与的途径
怎么参加私董会和线下课
如何学习私董会和线下课
想报名私董会和线下课
私董会和线下课报名方式",2024/3/8 18:49:47,2024/4/7 19:42:52,ceshi@1956773234663935.onaliyun.com,ceshi@1956773234663935.onaliyun.com,"<div id=""se-knowledge""><p>下单后24小时内会有助理老师安排您入班的哦</p><link rel=""stylesheet"" href=""https://g.alicdn.com/isipfe/docs/rich.css?""></div>"
30012022179,30000205838,售前/产品使用问题,没有网络岂不是不能看,"在线观看视频很卡顿啊，网络问题吗？
你们的课程没网就不行了吗
你的意思这个课程必须有网络啊
如果没有网络的话，课程就看不了了
没网就不没办法看了啊
如果没有网络就不能学习了吧",2024/3/28 15:25:41,2024/4/7 19:41:10,ceshi@1956773234663935.onaliyun.com,ceshi@1956773234663935.onaliyun.com,"<div id=""se-knowledge""><p>亲亲是登录的哪里呀，可以截图发我给我们技术老师看一下是什么原因呢</p><link rel=""stylesheet"" href=""https://g.alicdn.com/isipfe/docs/rich.css?""></div>"
30012022737,30000205838,售前/产品使用问题,之前直播上说终身免费观看啊,"不是永久免费看的吗，你们直播说的
我在直播上看，你们说这个课程是终身学习的，免费的
直播上不是说是永久免费观看吗
我看直播说的是终身免费学习的
直播上不是说永久的吗",2024/3/29 10:50:14,2024/4/7 19:41:01,ceshi@1956773234663935.onaliyun.com,ceshi@1956773234663935.onaliyun.com,"<div id=""se-knowledge""><p>亲亲您可以看一下咱们详情页的课程大纲上方，购买时都有注明视频课程【购买后12个月内有效】呢~</p><link rel=""stylesheet"" href=""https://g.alicdn.com/isipfe/docs/rich.css?""></div>"
30012022251,30000209159,其他,张琦老师代言产品咨询,"张琦老师除了售课，还会卖其他东西吗，我买了，东西不好
张琦老师有代言什么淡斑霜吗
我在网上看到 张琦老师代言的东西，不好用申请退款也不给
张琦老师代言的产品好像是假货，也不给退款
请问张琦老师有没有代言一款“克班娇美白袪斑霜”，我是张琦老师的铁粉，我在微信上看到是张琦老师推荐的，就买了6合，试了一下，感觉效果很差，售后退货退款又被拒绝",2024/3/28 16:20:39,2024/4/7 19:40:35,ceshi@1956773234663935.onaliyun.com,ceshi@1956773234663935.onaliyun.com,"<div id=""se-knowledge""><p>亲亲，张琦老师目前只有课程可以学习，没有代言其他的产品噢</p><link rel=""stylesheet"" href=""https://g.alicdn.com/isipfe/docs/rich.css?""></div>"
30011996146,30000205853,学浪相关问题,学浪相关,"我购买的课程可以转到学浪那边吗？
要下载学浪吗？
学浪无法看了 怎么回事
学浪上不能听吗
原来是在学浪，不能用了是吗
学浪里看不了吗？
不用学浪了，现在用什么看课？
学习之前是学浪 需要改成这个APP是吗？
现在不是在学浪看了吗？
学浪还可以听老师课吗",2024/3/8 18:49:58,2024/4/7 19:39:09,ceshi@1956773234663935.onaliyun.com,ceshi@1956773234663935.onaliyun.com,"<div id=""se-knowledge""><p>亲亲抱歉不支持哟</p><link rel=""stylesheet"" href=""https://g.alicdn.com/isipfe/docs/rich.css?""></div>"
30011996106,30000205838,售前/产品使用问题,请问可以单买书籍吗,"光买本书要多少钱？
请问这本书有没有单独的链接？
新出的的书 可以发么？
买书籍，不买视频课程
课程不要，只要书
我单独买书也行的吧
我只想买书，行吗
只买书可以吗",2024/3/8 18:49:48,2024/4/7 19:38:39,ceshi@1956773234663935.onaliyun.com,ceshi@1956773234663935.onaliyun.com,"<div id=""se-knowledge""><p>亲，我们小店都是书课组合装的，单独购买书籍的话可以去京d或者当当网购买哦</p><link rel=""stylesheet"" href=""https://g.alicdn.com/isipfe/docs/rich.css?""></div>"
30012006000,30000205852,售前/优惠咨询,价格还可以优惠吗,"有没有优惠券
我是你们的会员能便宜点吗
有会员价吗
还可以再优惠一点吗
会员有优惠吗 已经下单了
有没有优惠卷啥
太贵了可以优惠一点嘛
价格不是很优惠，可以打折吗
给我便宜点好吗
有折扣嘛
可以打折嘛？
老客户有啥优惠吗
再给我优惠点呗
购买有优惠吗
没有优惠么
还没便宜些吗
请问还能便宜些吗？
直播间的优惠是最低的吗？
你们有优惠活动吗？
购买这个有什么优费",2024/3/11 10:59:43,2024/4/7 19:38:23,aliyuntest@1956773234663935.onaliyun.com,ceshi@1956773234663935.onaliyun.com,"<div id=""se-knowledge""><p>亲，咱家课程都是全平台统一售价的呢，暂时没有其他优惠哟～                                                                              </p><link rel=""stylesheet"" href=""https://g.alicdn.com/isipfe/docs/rich.css?""></div>"
30011996135,30000205851,售前/购买问题,买不了，为什么不能微信支付？,"请问可以在微信購買嗎？
可以用支付宝支付嘛？
我没有支付宝付钱购买课程 微信可以吗
如何解决购买时无法使用微信支付的问题？
购买时无法选择微信支付，怎么办？
无法使用微信支付，是什么原因？
为什么不能用微信支付？",2024/3/8 18:49:55,2024/4/7 19:36:52,ceshi@1956773234663935.onaliyun.com,ceshi@1956773234663935.onaliyun.com,"<div id=""se-knowledge""><p>亲亲可以看一下软件是不是最新版本的哦，小店是支持微信支付的哟</p><link rel=""stylesheet"" href=""https://g.alicdn.com/isipfe/docs/rich.css?""></div>"
30011996159,30000205846,基本回复,你好，在吗？,"你好
客服你好啊
嗨喽
有人吗
客服在吗
在吗",2024/3/8 18:50:01,2024/4/7 19:36:07,ceshi@1956773234663935.onaliyun.com,ceshi@1956773234663935.onaliyun.com,"<div id=""se-knowledge""><p>您好，请问有什么可以帮您</p><link rel=""stylesheet"" href=""https://g.alicdn.com/isipfe/docs/rich.css?""></div>"
30011996142,30000205854,售后/其他问题,售后申请,"我购买课程万一被骗了可以找售后吗
申请售后
售后可以给我处理下吗
我想售后
售后如何申请
我想申请售后服务
如何申请售后服务？",2024/3/8 18:49:57,2024/4/7 19:34:00,ceshi@1956773234663935.onaliyun.com,ceshi@1956773234663935.onaliyun.com,"<div id=""se-knowledge""><p>购买后7天内观看不超过30分钟可退款，在订单管理申请售后</p><link rel=""stylesheet"" href=""https://g.alicdn.com/isipfe/docs/rich.css?""></div>"
30011996153,30000205855,已购课程/使用反馈,为什么课程时长这么短,"时长太短了，这课
这个课程完全不够看啊，
课时太短
课时不长
课程时长就没多少啊
课程时间太少了吧
这课程也太短了",2024/3/8 18:50:00,2024/4/7 19:33:35,ceshi@1956773234663935.onaliyun.com,ceshi@1956773234663935.onaliyun.com,"<div id=""se-knowledge""><p>亲亲课程是录播课，建议您反复观看噢，不同时期学习感悟不一样的，我们的课程有效期是一年，期间是可以反复观看的噢~</p><link rel=""stylesheet"" href=""https://g.alicdn.com/isipfe/docs/rich.css?""></div>"
30012018970,30000205844,已购课程/课程咨询,直播课学习,"直播课怎么看
直播课拍完联系谁
直播课联系谁
直播课与学习资料怎么领取",2024/3/22 16:14:11,2024/4/7 19:29:05,lizhun@1956773234663935.onaliyun.com,ceshi@1956773234663935.onaliyun.com,"<div id=""se-knowledge""><p>直播课和学习资料您添加您的助教领取哈，您留意短信消息噢，在【博商获客】的短信里面可以看您的学习助教                                                                         </p><link rel=""stylesheet"" href=""https://g.alicdn.com/isipfe/docs/rich.css?""></div>"
30012022151,30000205851,售前/购买问题,显示取消订单是什么意思,"取消订单是什么
什么是取消订单
订单取消啥意思
提示取消订单是什么
订单取消是什么",2024/3/28 15:04:36,2024/4/7 19:28:00,ceshi@1956773234663935.onaliyun.com,ceshi@1956773234663935.onaliyun.com,"<div id=""se-knowledge""><p>就是您的订单没有付款成功，超时系统自动关闭了哈</p><link rel=""stylesheet"" href=""https://g.alicdn.com/isipfe/docs/rich.css?""></div>"
30011996163,30000205836,售后/订单问题/订单相关,备注问题,"备注错了，我要怎么改
我有一些特殊要求，可以在订单中备注吗？
我确认一下，我的订单备注信息都正确记录了吗？",2024/3/8 18:50:02,2024/4/7 19:26:54,ceshi@1956773234663935.onaliyun.com,ceshi@1956773234663935.onaliyun.com,"<div id=""se-knowledge""><p>亲亲是哪一个填错了呀，辛苦截图一下完整的订单信息发给我，这边帮您看一下哦~</p><link rel=""stylesheet"" href=""https://g.alicdn.com/isipfe/docs/rich.css?""></div>"
30011996103,30000205838,售前/产品使用问题,课程还会更新吗？,"课程会一直更新吗
内容有更新吗
课程后续会有迭代吗
课程升级更新
课程更新
会更新吗课程",2024/3/8 18:49:48,2024/4/7 19:26:22,ceshi@1956773234663935.onaliyun.com,ceshi@1956773234663935.onaliyun.com,"<div id=""se-knowledge""><p>老师的课程目前是已经更新完毕了哦，如果后续有更新的话也是会同步到您的课程里面的哈</p><link rel=""stylesheet"" href=""https://g.alicdn.com/isipfe/docs/rich.css?""></div>"
30011996116,30000205838,售前/产品使用问题,课程适用范围,"亲戚家的孩子读初中，它可以学吗？
做美容行业的，有相关的书籍吗
家里卖水果的可以学这个吗
我是一名幼师能学你们的课程吗？
有适合观看的课程吗
做新娘彩妆适合听课程从而获客吗？
人一多就不会讲话，这个课程对我有用吗
全是系统性学习 太深了  是不适合我
脑子记不住东西了，怕学不会，不适合我
那我应该买哪个合适
如何选择合适的课程
如何判断哪个课程更适合我
有没有什么方法可以帮助我选择合适的课程?
怎样才能和道我适合哪个课程
应该如何挑选合适的课程
这个课程都适合什么人去学
哪些人比较适合学这个课程
我是小白能学吗
我学这个课程合适吗
内容是不是不太适合我
一个上班族适合吗
我没有行业，我想市场获客
请问水产养殖有没有对应的课程来学习
我是一个建筑工人，我能学这个课程吗?
我小学文化能不能看懂这门课程
请问我年龄大了还能学吗
你好，这个课程零基础可以学习吗?
一直都是打工，就很迷茫，不知道学什么
我是做建筑行业，有适合我的课程吗
请问这款商品适合什么人群使用？
我是做美容美体的 这个课程对我有用吗
我想听一下感情商沟通交流课程 我是做美业的，有适合的吗
教人如何开网店的课程有没有，我想学这个
健康行业未来很强，有这方面的课程吗
请问一下，这个对行业有什么要求吗
你好老师，做新娘彩妆适合听课程从而获客吗？
这课程对每个行业都有用嘛？
我是做医美的，对我有帮助吗
这个课程适合美容行业吗
程序员能学习这个行业吗
这个适不适应我们这个行业啊？我们是做销售的。
什么行业适合学习课程
适合做足浴推拿行业的吗
不是企业适不适合
这个课程是否只适合特定行业？
请问服装店适合吗？
这个课程适合开店的吧
奶茶店受用吗？
我一个人的小店缺员工可以学吗？会有收获吗？
这个是适合企业 创业的看吗？
这书对五十多岁的普通女性，有帮助吗？
适合金融行业吗
咱们课程适合我吗
我是瑜伽行业，购买这个课程合适吗
这个课对买服装有用吗
普通的家庭主妇适合学这个课程吗？
想创业有点迷茫，怎么学
普通人学了有用吗
你好，适合什么行业
课程质量怎么样",2024/3/8 18:49:51,2024/4/7 19:26:16,ceshi@1956773234663935.onaliyun.com,ceshi@1956773234663935.onaliyun.com,"<div id=""se-knowledge""><p>课程不限制行业的，点课程详情里有目录 ，可以详细看下合适再拍哈</p><link rel=""stylesheet"" href=""https://g.alicdn.com/isipfe/docs/rich.css?""></div>"
30011996128,30000205838,售前/产品使用问题,拍一发八是什么,"哇塞，拍一发八，我赚大了
为啥我课程拍了一个发了八个
介绍下拍一发八
拍一发八具体内容
什么是拍一发八
拍一发八是啥",2024/3/8 18:49:54,2024/4/7 19:24:32,ceshi@1956773234663935.onaliyun.com,ceshi@1956773234663935.onaliyun.com,"<div id=""se-knowledge""><p>这个是张琦老师天地人网的视频课程+资料包（行业报告+直播手册+运营手册+商业画布）+直播课程（3场）<br><br>资料包和视频课程在获课APP观看学习，直播课程和博商管理的课程助理领取</p><link rel=""stylesheet"" href=""https://g.alicdn.com/isipfe/docs/rich.css?""></div>"
30011996150,30000205855,已购课程/使用反馈,你们的课程内容为什么这么差,"课程不好，感觉被骗了
课程没什么价值啊，不好
课程内容不好啊
我对老师的讲的内容不满意
课程质量不合理
老师讲得不好",2024/3/8 18:49:59,2024/4/7 19:23:59,ceshi@1956773234663935.onaliyun.com,ceshi@1956773234663935.onaliyun.com,"<div id=""se-knowledge""><p>亲亲 您消消气，我们课程都是老师和团队精心打磨出来的，您觉得哪些地方有问题可以给我们建议哦，我们会不断优化的哈</p><link rel=""stylesheet"" href=""https://g.alicdn.com/isipfe/docs/rich.css?""></div>"
30012023916,30000205851,售前/购买问题,无法加入购物车,"课程无法加入购物车怎么办？
无法将课程放入购物车
无法添加课程到购物车是什么原因？
如何将课程加入购物车？
为什么课程加不了购物车？
怎么加不进购物车",2024/3/31 18:41:28,2024/4/7 19:23:47,ceshi@1956773234663935.onaliyun.com,ceshi@1956773234663935.onaliyun.com,"<div id=""se-knowledge""><p>亲亲喜欢的话可以直接拍哟，有的产品暂时不支持加购物车呢</p><link rel=""stylesheet"" href=""https://g.alicdn.com/isipfe/docs/rich.css?""></div>"
30011996101,30000205838,售前/产品使用问题,课程的每个章节时长都是一样的吗？,"时间太短，还没看就没了
课程多长时间视频时长？
课程的每个章节各有不同吗
课程章节每个段落都不同吧
课程中的章节都是一样的吧
课程章节会有差异吗",2024/3/8 18:49:47,2024/4/7 19:23:17,ceshi@1956773234663935.onaliyun.com,ceshi@1956773234663935.onaliyun.com,"<div id=""se-knowledge""><p>亲爱的，线上课程基本是老师精心按照知识点分配章节，不同的知识点所需的时间是不一样的哦，还请您谅解呢~</p><link rel=""stylesheet"" href=""https://g.alicdn.com/isipfe/docs/rich.css?""></div>"
30011996154,30000205855,已购课程/使用反馈,我点进去学习几分钟又让我付费是怎么回事？,"课程学习的时候又提示让付款
我已经付过钱啦，为什么还让我付费，就是学习的时候
我正在学习又让我付费，是什么情况
课程学习的时候，怎么突然要收费了",2024/3/8 18:50:00,2024/4/7 19:22:21,ceshi@1956773234663935.onaliyun.com,ceshi@1956773234663935.onaliyun.com,"<div id=""se-knowledge""><p>亲亲您请您提供完整的订单信息截图，这边为您查询，请稍后~</p><link rel=""stylesheet"" href=""https://g.alicdn.com/isipfe/docs/rich.css?""></div>"
30011996127,30000205838,售前/产品使用问题,私房课在哪里领取,"私房包和福利包怎么发到我手里？
为什么我买的课只有课程没有赠送的4个课和9小时
3节私房课加4份资料，怎么获取
399私房课和399资料包是什么呢？
四大资料包，和三节私房课怎么领的？
哪里能有九小时私房课的四大资料包
私房课的资料包在哪
私房课怎么领
九小时私房课，四大资料包在哪里啊？""
私房课咋领取啊
如何获取私房课
怎样领取私房课
私房课领取方式是什么",2024/3/8 18:49:54,2024/4/7 19:21:37,ceshi@1956773234663935.onaliyun.com,ceshi@1956773234663935.onaliyun.com,"<div id=""se-knowledge""><p>亲亲，这个是张琦老师天地人网的视频课程+资料包（行业报告+直播手册+运营手册+商业画布）+直播课程（3场）<br><br>资料包和视频课程在获课APP观看学习，直播课程和我们博商管理的课程助理领取</p><link rel=""stylesheet"" href=""https://g.alicdn.com/isipfe/docs/rich.css?""></div>"
30011996148,30000205844,已购课程/课程咨询,如何获取“直播+短视频手册”？,"”直播+短视频手册“的获取途径
我想领一下直播+短视频手册
直播+短视频手册在哪里能领取呢
我想要直播+短视频手册，不知道怎么操作
直播+短视频手册的获取方式",2024/3/8 18:49:59,2024/4/7 19:21:19,ceshi@1956773234663935.onaliyun.com,ceshi@1956773234663935.onaliyun.com,"<div id=""se-knowledge""><p>亲亲，电子资料可以直接在学习中心的查看到，也可以直接在视频课程下方查看的哟</p><link rel=""stylesheet"" href=""https://g.alicdn.com/isipfe/docs/rich.css?""></div>"
30011996137,30000205838,售前/产品使用问题,这个课程是直播还是录播？,"是录播还是直播啊，这个课
你们的课程是直播的吗？
是不是录播的课程？
这个课是直播吗？
你这个课程是直播吗？还是录播？",2024/3/8 18:49:56,2024/4/7 19:20:36,ceshi@1956773234663935.onaliyun.com,ceshi@1956773234663935.onaliyun.com,"<div id=""se-knowledge""><p>我们的课程都是视频课程哦，是老师提前录制好的视频课程哈~</p><link rel=""stylesheet"" href=""https://g.alicdn.com/isipfe/docs/rich.css?""></div>"
30011996138,30000205838,售前/产品使用问题,如何知道商品是否包邮？,"包不包邮我怎么知道？
全国包邮吗
书包邮吗",2024/3/8 18:49:56,2024/4/7 19:19:51,ceshi@1956773234663935.onaliyun.com,ceshi@1956773234663935.onaliyun.com,"<div id=""se-knowledge""><p>亲亲是包邮的哈</p><link rel=""stylesheet"" href=""https://g.alicdn.com/isipfe/docs/rich.css?""></div>"
30011996139,30000205842,线上营销渠道相关咨询,怎么把直播间拉黑我了,"直播间拉黑我的原因
我在直播间里面被你们给拉黑了
为什么要把我拉黑？
你们怎么拉黑我了
为什么直播间把我拉黑了？",2024/3/8 18:49:56,2024/4/7 19:18:45,ceshi@1956773234663935.onaliyun.com,ceshi@1956773234663935.onaliyun.com,"<div id=""se-knowledge""><p>您好，如果在直播间聊天过程中言论不当或者涉及到敏感词汇，由于平台监管原因可能会自动进行屏蔽哦，您这边还是想要继续关注我们的账号动态的话，这边帮您联系后台人员手动解除下哈</p><link rel=""stylesheet"" href=""https://g.alicdn.com/isipfe/docs/rich.css?""></div>"
30011996133,30000205847,售前/订单问题/库存问题,商品还有货吗？,"还有货吗
这个商品还有现货吗？
请问这个商品还有货吗？
这款商品还有库存吗？",2024/3/8 18:49:55,2024/4/7 19:17:06,ceshi@1956773234663935.onaliyun.com,ceshi@1956773234663935.onaliyun.com,"<div id=""se-knowledge""><p>有的哈，您直接拍下就可以学习的哦</p><link rel=""stylesheet"" href=""https://g.alicdn.com/isipfe/docs/rich.css?""></div>"
30011996126,30000205838,售前/产品使用问题,老师有直播吗，我可以在直播间提问吗？,"我能不能在老师直播的时候向他提问？
在老师直播的时候，我可以提问问题吗？
老师的直播时间。
老师什么时候直播，我可以提问吗？",2024/3/8 18:49:53,2024/4/7 19:15:56,ceshi@1956773234663935.onaliyun.com,ceshi@1956773234663935.onaliyun.com,"<div id=""se-knowledge""><p>亲亲老师目前是不定时直播的哦，亲亲可以和您的课程助理领取一下老师的直播时间哟</p><link rel=""stylesheet"" href=""https://g.alicdn.com/isipfe/docs/rich.css?""></div>"
30011996120,30000205838,售前/产品使用问题,商品支持7天无理由退货和15天换货吗？,"不管买哪个课程，都是支持7天无理由退货和15天换货的吧。
我买的这个课程支不支持7天无理由退货和15天的换货？
7天无理由退货和15天换货都支持的吗
你们这个7天无理由退货，15天换货是包括所有的商品吗？",2024/3/8 18:49:52,2024/4/7 19:15:12,ceshi@1956773234663935.onaliyun.com,ceshi@1956773234663935.onaliyun.com,"<div id=""se-knowledge""><p>亲亲，我们课程是下单7天内且观看时间不超过30分钟的情况下可以申请退款，没有换货的说法哦~</p><link rel=""stylesheet"" href=""https://g.alicdn.com/isipfe/docs/rich.css?""></div>"
30011996122,30000205838,售前/产品使用问题,商品的价格在哪里查看？,"课程的售价如何查看？
我不知道在哪里能看到课程卖多少钱？
查看这个课程价格的方式。
商品多少钱？在哪里看？",2024/3/8 18:49:52,2024/4/7 19:14:30,ceshi@1956773234663935.onaliyun.com,ceshi@1956773234663935.onaliyun.com,"<div id=""se-knowledge""><p>您点击链接进去就可以看到啦，商品详情页有显示亲亲</p><link rel=""stylesheet"" href=""https://g.alicdn.com/isipfe/docs/rich.css?""></div>"
30012019232,30000208272,售前/版权问题,课程是否是正版嘛,"买到了盗版书籍可以退吗？
这本书是正版吗？
是正版吗？
这是正品吗？
应该不是盗版的吧
你们这个课程是正版吗
请问是正品吗？
你们确定课程是正版的吗？
都是正版的视频课程是吧.
亲课程是正版的吗？
你们的课程是正版的吗？",2024/3/23 15:03:02,2024/4/7 19:14:24,lizhun@1956773234663935.onaliyun.com,ceshi@1956773234663935.onaliyun.com,"<div id=""se-knowledge""><p>亲亲，我们是官方店铺的哦，这个您放心呢，您购买后7天内观看总时长不超过30分钟是可以在订单管理申请售后的哟</p><link rel=""stylesheet"" href=""https://g.alicdn.com/isipfe/docs/rich.css?""></div>"
30011996111,30000205838,售前/产品使用问题,商业案例问诊课程讲的是什么内容？,"商业案例问诊课程的主要内容
介绍下商业案例问诊课程
什么是商业案例问诊课程
商业案例问诊课程是什么",2024/3/8 18:49:49,2024/4/7 19:13:18,ceshi@1956773234663935.onaliyun.com,ceshi@1956773234663935.onaliyun.com,"<div id=""se-knowledge""><p>亲亲，这个是张琦老师的案例分析视频课程的哈，一共是50个商业实战案例，涵盖多个行业，主要是挖掘案例背后的底层逻辑的哦</p><link rel=""stylesheet"" href=""https://g.alicdn.com/isipfe/docs/rich.css?""></div>"
30011996100,30000205838,售前/产品使用问题,为什么我无法完成课程的购买？,"购买了，为什么提示为完成付款呢？
下单失败
商品什么无法购买呢
我买不了哦
我下单不了
为什么我尝试下单时显示无法完成购买？",2024/3/8 18:49:47,2024/4/7 19:12:20,ceshi@1956773234663935.onaliyun.com,ceshi@1956773234663935.onaliyun.com,"<div id=""se-knowledge""><p>亲亲，您方便提供一下订单下单失败的提示截图我看一下吗</p><link rel=""stylesheet"" href=""https://g.alicdn.com/isipfe/docs/rich.css?""></div>"
30011996096,30000205838,售前/产品使用问题,我想了解课程的具体内容，在哪里可以找到？,"课程详情在哪呢
这个课的具体内容在哪呢",2024/3/8 18:49:46,2024/4/7 19:11:37,ceshi@1956773234663935.onaliyun.com,ceshi@1956773234663935.onaliyun.com,"<div id=""se-knowledge""><p>您点击链接进去，下面有一个课程大纲有课程的章节目录，您可以参考一下噢</p><link rel=""stylesheet"" href=""https://g.alicdn.com/isipfe/docs/rich.css?""></div>"
30011996098,30000205838,售前/产品使用问题,什么是书包课,"书包课包含啥了
书包课有哪些内容
书包课的作用是什么
书包课是什么意思
为什么要有书包课",2024/3/8 18:49:46,2024/4/7 19:10:26,ceshi@1956773234663935.onaliyun.com,ceshi@1956773234663935.onaliyun.com,"<div id=""se-knowledge""><p>亲亲购买的哪位老师的书课包呀，书课包都是老师的视频课程+一本书的哈</p><link rel=""stylesheet"" href=""https://g.alicdn.com/isipfe/docs/rich.css?""></div>"
30011996136,30000205852,售前/优惠咨询,如何领取优惠券？,"你们还有新年福利吗，现在还可以领取吗？
之前买的课程能不能领取新年福利啊 ，之前忘记领取了
平台优惠券是不是一直有
领取优惠券的方法是什么？
如何获得优惠券？
领取优惠券有哪些步骤？
哪里可以找到优惠券？
有什么办法可以获取更多的优惠券？",2024/3/8 18:49:56,2024/4/7 19:07:52,ceshi@1956773234663935.onaliyun.com,ceshi@1956773234663935.onaliyun.com,"<div id=""se-knowledge""><p>亲亲优惠卷是平台赠送的限时优惠哦~赠送的资料在视频课程下方就可以观看到的哟</p><link rel=""stylesheet"" href=""https://g.alicdn.com/isipfe/docs/rich.css?""></div>"
30012019000,30000205840,售前/订单问题/订单物流咨询,物流方式咨询,"书籍发什么快递，我等不及了
你们这个是邮寄的吗？发什么快递呢
你们快递发顺丰吗？
你们一般发什么快递，这么慢？
我看不到物流
发货发什么快递
发啥快递呢
什么快递？
发的什么快递？",2024/3/22 16:58:31,2024/4/7 18:18:33,lizhun@1956773234663935.onaliyun.com,ceshi@1956773234663935.onaliyun.com,书本下单后48小时内发出，视频课程是下单后就可以通过【博商获客】的短信指引观看的哈